{"au": 0.03589049163095516, "ag": 0.02659045269143357, "ar": 0.031884016361350014, "r_zp": 25.845888145388663, "g_zp": 26.350703159538327, "u_zp": 25.12977762313126}