{"au": 0.03589049163095516, "ag": 0.02659045269143357, "ar": 0.031884016361350014, "r_zp": 25.846704490603507, "g_zp": 26.39410583135229, "u_zp": 25.127095890953527}