{"au": -0.037, "ag": -0.026, "ar": -0.032, "r_zp": -25.846526243713377, "g_zp": -26.327988466552736, "u_zp": -25.02909910980225}