{"au": -0.037, "ag": -0.026, "ar": -0.032, "r_zp": -25.845758243713377, "g_zp": -26.351364466552734, "u_zp": -25.126287109802245}