{"au": 0.03589049163095516, "ag": 0.02659045269143357, "ar": 0.031884016361350014, "r_zp": 25.719688423098624, "g_zp": 26.124697605339108, "u_zp": 24.585589123680577}