,aperture,g,r,u
0,1,16.710980172978246,16.27588785008455,18.168211247258125
1,2,16.808352038434677,15.832973827718503,19.57309555528965
2,3,16.428939834822245,15.772291714874934,18.433925814404965
3,4,16.36979717984209,15.778973443427567,17.481188412244396
4,5,16.43634515001665,15.880858554574651,17.993585954187935
5,6,16.76301008791004,16.373755751319717,18.130668247694498
6,7,17.062962024241273,16.202871283347278,19.297043796255444
