,aperture,g,r,u
0,1,20.065618476274814,20.774817307842945,20.8475505800276
1,2,16.710980175421724,16.27588785309191,18.168209011327555
2,3,16.80835203840181,15.832973827678051,19.573095404439655
3,4,16.42893983850998,15.772291719413685,18.433922804034204
4,5,16.369797183160156,15.778973447511342,17.48118700170288
5,6,16.436345153136262,15.880858558414173,17.99358366783725
6,7,16.763010090096092,16.373755754010244,18.130666127472256
7,8,17.062962029071542,16.202871289292226,19.297040588049345
