,aperture,g,r,u
0,0,20.065618476274814,20.774817307842945,20.8475505800276
1,1,16.710980175421724,16.27588785309191,18.168209011327555
2,2,16.80835203840181,15.832973827678051,19.573095404439655
3,3,16.42893983850998,15.772291719413685,18.433922804034204
4,4,16.369797183160156,15.778973447511342,17.48118700170288
5,5,16.436345153136262,15.880858558414173,17.99358366783725
6,6,16.763010090096092,16.373755754010244,18.130666127472256
7,7,17.062962029071542,16.202871289292226,19.297040588049345
