{"au": 0.03589049163095516, "ag": 0.026590452691257246, "ar": 0.031884016361350014}