{"au": 0.03589049163224587, "ag": 0.026590452721520712, "ar": 0.03188402576930093, "r_zp": 25.720504757776563, "g_zp": 26.168100277119375, "u_zp": 24.582907391498782}